deptID,deptName
8347,User387
7756,User609
2005,User1422
9469,User1077
9678,User4634
1381,User1574
3536,User2868
2316,User1073
6497,User4013
2697,User3681
6565,User3769
3475,User2172
2676,User2629
1781,User533
5808,User4894
7231,User1673
5149,User2578
4671,User2968
5895,User2067
4296,User673
9197,User3506
9255,User4125
9946,User2018
7637,User1145
5788,User3934
7717,User702
7540,User1596
1655,User2831
9466,User4577
7897,User4275
2584,User2839
8622,User3007
1766,User3169
3202,User623
5897,User3982
5406,User3233
6708,User2569
9618,User3945
1406,User192
3908,User4475
9381,User3621
1979,User3628
2021,User2585
7807,User2103
9042,User4198
5252,User2504
7494,User3349
2072,User1773
2442,User4627
8980,User2940
4586,User944
5789,User1771
7433,User285
9478,User4523
6170,User1633
7211,User1111
9999,User2059
4958,User4410
3052,User4614
5265,User2138
9189,User3399
6563,User2877
3861,User344
3815,User3827
5744,User1853
4842,User2201
8907,User3890
6164,User1140
8650,User1817
4205,User2819
4791,User2731
7799,User1335
5395,User2678
9830,User185
5276,User4931
7802,User4991
9419,User3646
1587,User1723
9065,User3682
7685,User3364
8288,User4192
6325,User1929
1673,User4197
1877,User3528
2028,User2233
7613,User2576
4150,User4898
2397,User2954
9815,User2173
7351,User2086
6585,User3366
7955,User3393
7977,User2528
8546,User1188
8856,User2579
7296,User560
2589,User2157
9389,User685
5200,User3106
1145,User1203
4773,User4112
8890,User4235
9012,User4362
3084,User978
6215,User428
1541,User1404
2342,User1126
9931,User4781
4908,User4183
1767,User2633
8744,User1568
2722,User1818
4944,User648
2372,User1344
1414,User1700
6567,User1135
6828,User3225
7704,User3129
7881,User1608
9459,User312
6988,User4691
8300,User2224
8202,User1382
4571,User3569
1593,User1633
1465,User99
2758,User1746
9031,User3872
1769,User4298
1495,User303
9573,User482
7060,User3183
9423,User3244
4148,User505
2194,User1228
7599,User632
5242,User2128
6906,User1819
3563,User72
3861,User3193
9546,User3526
3383,User3686
1763,User4663
5228,User4535
8182,User1971
6902,User1653
6777,User4495
8337,User1307
1596,User2913
9704,User3262
1187,User3016
5473,User2454
9187,User1880
9533,User3469
7257,User4386
8635,User2988
7140,User712
7709,User3893
3612,User2278
5923,User3902
2815,User2249
8356,User4014
5337,User1899
4515,User690
2961,User4605
5516,User3508
7604,User2791
3114,User1930
3452,User3390
6679,User1593
2475,User1323
7775,User422
2792,User3895
7105,User1073
7903,User2741
2834,User1425
2945,User52
7798,User1375
1690,User3970
4240,User4248
2930,User2853
2655,User750
4082,User1102
2166,User1740
3089,User308
6635,User4424
3167,User4875
8051,User336
8184,User403
9199,User2886
2283,User1383
9227,User2659
9856,User738
3429,User551
6731,User1710
7430,User96
9745,User3925
8794,User2783
4284,User2853
2797,User2700
3171,User98
6274,User2151
6567,User2754
9597,User854
1597,User1339
4448,User4064
8392,User3125
4993,User4655
9949,User1389
2303,User1731
3659,User3804
8057,User31
5825,User4768
9514,User125
5302,User3744
5463,User4985
2225,User4254
4697,User3364
1500,User476
4424,User4102
2285,User4499
6768,User1070
2738,User3084
6168,User2353
2080,User2562
8864,User1576
7337,User2642
5558,User4054
7937,User1849
9769,User404
4230,User2453
7373,User3135
4049,User3745
9100,User1695
8356,User1176
5673,User2704
2380,User1858
6795,User2946
3485,User491
9743,User2791
2011,User2427
5994,User2581
1644,User231
9529,User2694
2923,User1289
5568,User4524
2315,User3576
9138,User607
5620,User4569
4692,User3019
9936,User2928
7403,User1578
1990,User3826
7965,User4276
8663,User3506
9764,User452
3244,User1664
5707,User1697
3450,User1811
2649,User148
6781,User2245
2735,User464
1788,User3966
3824,User1199
8860,User2808
6290,User931
2879,User179
9197,User4601
4604,User3633
4614,User369
3536,User2870
1602,User750
9947,User1117
8197,User2852
1918,User4917
4586,User3768
4499,User1270
6761,User3648
7999,User1109
8073,User4177
7890,User3074
3790,User345
4748,User688
9362,User361
3801,User279
4575,User4470
8866,User2248
6102,User372
9101,User3207
9398,User51
1385,User3083
2601,User4604
6942,User816
3516,User452
6143,User3230
9633,User1474
7784,User4801
5986,User2243
5105,User690
7751,User969
6443,User4577
3376,User187
3138,User287
7781,User607
2697,User1194
4480,User1768
3630,User2784
2380,User4509
9402,User3614
4160,User185
4166,User3922
5855,User3993
3364,User4446
6203,User4887
6669,User1276
6968,User2715
6687,User105
1430,User4765
5140,User1562
8085,User3277
1078,User3597
3493,User1186
1634,User3991
9896,User1896
3486,User48
9519,User723
9498,User1931
9007,User3785
7473,User3227
6326,User633
9337,User1684
3207,User365
5857,User3665
5439,User2212
8269,User4330
2213,User3885
3695,User1263
9012,User3194
1723,User3766
5935,User3021
3189,User2762
9268,User1016
2064,User2355
6751,User4421
3657,User4002
7615,User1956
5648,User2685
7903,User1615
8944,User1497
5317,User3345
6852,User666
8867,User3533
2994,User3543
8114,User3449
5498,User4220
7671,User1316
5136,User790
5864,User4557
5029,User1472
5284,User1208
2800,User4666
3536,User4130
1969,User3814
7044,User949
7084,User3617
5063,User125
6974,User2472
4160,User35
8646,User1743
7602,User333
3271,User3709
8216,User2090
8918,User4658
9496,User3149
6220,User197
8013,User407
5890,User2598
7965,User2824
5565,User1117
9639,User1630
5040,User4625
3675,User3383
5925,User1802
5464,User948
7354,User1915
6826,User3
2536,User272
1170,User3498
9473,User4509
7203,User3422
9047,User4441
6772,User4287
2577,User9
9595,User685
1247,User889
8904,User4727
2792,User2923
4899,User413
1942,User2644
1759,User1821
6068,User2937
1162,User767
1290,User2481
8871,User1395
5624,User4649
5469,User2970
6468,User4152
8658,User612
1710,User931
5542,User4535
5156,User1976
1113,User22
9341,User3249
3340,User1625
4473,User173
7928,User1374
6544,User2331
7974,User2214
2106,User3086
5512,User4466
6256,User1713
4873,User291
2967,User3815
4215,User3013
6974,User1432
2490,User55
4931,User4410
3486,User3401
6661,User3096
7437,User1355
9699,User1442
5774,User463
4128,User4408
9905,User1780
1660,User3823
1734,User668
7401,User4642
5468,User1089
5629,User4195
7178,User3554
7348,User4022
5933,User4439
8665,User2800
2253,User160
2342,User2327
8550,User1234
4144,User1262
2405,User3350
7875,User545
4731,User2259
2930,User163
6528,User55
6710,User4186
6175,User1819
4636,User2071
1681,User3182
7834,User4713
6825,User232
3957,User4209
5642,User1759
9309,User3056
5959,User4707
2039,User1028
8895,User758
4214,User2035
4035,User3973
8759,User2649
3990,User2330
3498,User1273
3056,User4889
9469,User3103
5739,User4426
1025,User4467
8199,User35
1755,User3817
8011,User936
5023,User4639
4929,User413
9271,User4950
9710,User3681
4696,User527
2574,User867
5229,User2500
4728,User40
2695,User1355
4155,User1795
9192,User717
5615,User1821
6279,User1032
4204,User4857
2937,User3297
2209,User1715
5793,User1398
9268,User52
5905,User2585
4333,User3671
2059,User3610
7851,User4557
2709,User3736
3443,User4729
5812,User1747
4327,User2775
8524,User1478
7690,User4451
8752,User1903
6004,User2517
3318,User2186
9994,User207
5897,User4649
6027,User4689
9927,User4770
1681,User4004
6003,User2187
5595,User3292
7648,User1289
4728,User1334
9304,User4771
7860,User3425
9556,User238
5950,User360
6008,User2000
7676,User2063
3224,User1246
5963,User1663
9244,User3632
7691,User2958
1575,User2411
6249,User164
1546,User4944
9751,User4601
3863,User2523
7343,User4359
5180,User2378
6634,User2146
2591,User2484
4824,User4932
2087,User1820
6243,User55
7427,User4072
3742,User2232
8799,User3683
8771,User3535
3378,User828
3065,User1001
5476,User1660
5426,User3581
8989,User3690
3289,User1521
3802,User4393
5266,User2274
3785,User1831
5159,User455
3513,User3231
5218,User1882
2027,User1228
2719,User760
2225,User189
7808,User4309
4397,User916
8296,User1009
9917,User3545
9652,User3975
3384,User1923
6393,User2622
3320,User719
4507,User1172
6365,User3851
4686,User4479
6082,User408
9111,User2845
3309,User1877
8343,User3522
4293,User766
7487,User2921
7744,User1127
1478,User291
1141,User3343
5528,User1809
3394,User4366
3261,User3533
3259,User920
7015,User356
6614,User4705
2012,User3483
3572,User4253
2901,User4105
8178,User4816
1463,User3047
6170,User3142
4308,User2475
3045,User2860
1418,User2113
8588,User2990
1911,User4382
5183,User470
2173,User2517
6311,User164
4126,User1632
5160,User1146
9312,User418
2284,User3958
6728,User2009
8858,User2029
9078,User4589
2186,User1412
6929,User590
2960,User131
7114,User4576
9133,User1481
8749,User1793
1026,User2579
7866,User1236
5006,User2388
2415,User1126
2301,User4473
2280,User3208
3144,User11
2174,User3277
7361,User2385
6880,User2900
1524,User2709
2991,User2789
4527,User4373
6025,User1609
2598,User439
3593,User1639
4370,User524
8340,User2248
6732,User3078
1567,User539
6548,User2306
8329,User3584
9461,User3834
6240,User423
7241,User1950
4326,User4371
4911,User2221
9335,User2133
5476,User1325
6049,User3868
9106,User4565
3990,User1911
1011,User1315
5431,User694
5011,User2171
2056,User4032
4271,User2043
4487,User2975
7103,User3404
8685,User1393
4416,User1455
6151,User3980
4842,User2222
2254,User3060
4124,User4569
3700,User1905
5749,User4476
7981,User2833
5268,User4301
1340,User2456
4026,User700
1066,User2599
5189,User2632
3888,User4218
7436,User2164
5825,User2373
7422,User4907
3493,User1244
8485,User2705
6891,User463
7493,User3499
2522,User3978
6823,User4853
6741,User2950
2096,User1512
2074,User1699
4173,User553
7080,User2467
2869,User237
3477,User2567
9857,User2609
7005,User4950
3053,User4683
9031,User1138
8712,User3022
7406,User2300
1523,User1695
8151,User3254
4664,User76
3500,User2521
3929,User296
5249,User1205
5185,User3937
8615,User1763
1679,User2083
1794,User1639
9329,User1547
6319,User13
5895,User2306
9030,User1252
5775,User3633
5870,User2515
4158,User586
4370,User2703
9284,User1293
8230,User605
7560,User3157
6815,User641
6482,User3330
5673,User4638
3401,User1186
8690,User4630
2918,User4351
8164,User1653
6707,User1795
9866,User2432
4652,User4367
3991,User2108
3040,User2269
7203,User3532
8096,User51
2870,User3804
3547,User2604
5216,User2852
6125,User3540
2771,User3079
3244,User1971
7477,User3978
8279,User521
1026,User2478
1720,User1417
8098,User3144
5913,User1263
7110,User465
3521,User4888
9826,User4724
9908,User1724
6119,User1232
9809,User599
1556,User40
7119,User3419
9451,User641
5709,User2792
4977,User4021
7404,User1515
1927,User3792
8798,User4092
5135,User1634
9018,User4680
8760,User1774
6582,User3283
5755,User4349
1811,User3878
8648,User4466
3162,User151
9622,User2337
9291,User1262
5268,User2186
2125,User2655
3171,User2970
1270,User4314
6022,User4515
2330,User1753
8812,User4520
5023,User1497
3083,User2257
8382,User4895
2873,User4377
9676,User2891
6131,User1232
4558,User2953
5171,User4243
7567,User2163
3840,User1818
6293,User2709
4270,User25
8246,User507
2592,User427
1873,User4786
1578,User974
6066,User3217
7177,User2746
8357,User3913
5798,User169
3946,User2318
3430,User4426
9546,User1867
7582,User2799
2071,User4191
5625,User287
5750,User4350
7986,User2834
2258,User4581
4393,User2030
6465,User2029
4484,User3447
5827,User1399
4969,User4732
1353,User1386
8152,User4629
2149,User2437
7296,User2106
9474,User476
9177,User1051
9101,User4988
3235,User2444
8382,User4978
5245,User1806
2042,User4564
4026,User1678
1308,User4313
2802,User308
8154,User170
4127,User4577
6853,User3275
8320,User3999
4958,User516
1565,User1832
9075,User2197
9684,User1435
6927,User4352
9458,User1811
8432,User1708
6664,User4046
9804,User4201
5051,User1047
6956,User1874
5173,User3206
7248,User1485
7391,User3257
3218,User4875
6210,User4200
3856,User3195
4348,User1489
5368,User4192
3738,User1821
9622,User2611
6712,User3229
2540,User96
7976,User4203
4470,User4577
4873,User1016
2437,User3729
4870,User3569
3864,User4878
9195,User2193
3885,User246
4201,User1454
7503,User4936
8560,User3487
4017,User2744
7832,User1113
5870,User869
1633,User3726
2951,User3077
7834,User2947
6995,User1000
2824,User3753
7639,User1057
8441,User4443
3019,User2036
4022,User3822
5338,User4609
3081,User4563
5552,User4652
1295,User2395
9194,User1005
3822,User4826
2330,User4960
7795,User896
9542,User400
7369,User1658
7822,User3864
3226,User599
4598,User4415
8686,User2568
8890,User636
4529,User712
8768,User4669
3026,User4569
8663,User3858
4205,User4616
3898,User2405
7263,User3002
4938,User4193
6831,User1696
5991,User3849
8731,User3830
2750,User2163
5285,User125
9316,User3071
1690,User46
2753,User4443
4896,User315
9016,User370
6623,User4603
2635,User617
1863,User582
6090,User2901
6502,User477
6415,User2590
5065,User3881
9238,User2872
4757,User2702
6520,User4607
2528,User3262
6018,User4625
3490,User1864
2176,User2659
8713,User4320
7891,User3529
3471,User4639
6146,User2300
7491,User2235
2843,User1716
3462,User1223
6006,User4483
5085,User418
5860,User1319
4175,User3667
6764,User2466
5760,User2192
4177,User4681
9159,User4316
6154,User1255
1605,User3813
2141,User276
7229,User2523
4581,User4519
5120,User3232
8336,User4803
5194,User801
6549,User4490
9534,User4441
8084,User2921
3833,User1325
1466,User3206
8148,User3751
7176,User4931
1861,User529
1390,User2995
9916,User3068
3065,User3224
5620,User4196
9989,User4892
1483,User1450
3544,User2475
3669,User2621
5145,User2246
5362,User2468
3461,User4631
5469,User3443
8701,User3016
3705,User3173
4123,User1777
7343,User4365
5459,User775
2944,User4158
6665,User3710
2063,User4173
5136,User2082
3338,User1912
6817,User2845
8372,User1568
5083,User616
1823,User1843
4456,User4507
4577,User2899
9010,User3577
3722,User3082
5731,User2235
3676,User4403
4021,User328
7523,User4760
2583,User1494
2004,User2503
5637,User4133
2556,User939
9390,User706
7826,User3151
8384,User4658
9314,User3187
3120,User4316
7434,User1412
1377,User4189
2513,User2922
7950,User3055
5432,User2322
2515,User2139
1213,User1643
4707,User604
6167,User171
1084,User1418
5294,User2224
9794,User3906
6164,User4483
9236,User3050
5528,User1690
3898,User1174
3413,User3635
8670,User4250
4268,User4290
8468,User845
5698,User2769
8875,User3963
6290,User548
4609,User612
2712,User73
6896,User4026
8125,User3137
8538,User4632
1809,User2305
6972,User2524
3120,User2853
1152,User3666
6288,User4460
6319,User4422
6088,User4516
3873,User1034
5331,User2486
5491,User3546
6417,User3880
2340,User2224
7291,User1187
9393,User4086
4617,User1028
7512,User2933
7890,User2165
9310,User891
5068,User1672
2886,User659
7933,User1607
9636,User3999
2207,User4637
2671,User3561
8628,User2399
9845,User3885
9542,User3597
3048,User4239
6322,User3942
6781,User3809
9273,User1460
9909,User4740
9819,User4309
4704,User4308
4041,User4086
2227,User3116
4220,User2899
7228,User3355
7556,User3911
3207,User3911
8772,User2975
1732,User4199
7210,User4003
9177,User3265
3227,User1756
5083,User2492
7084,User3095
8552,User38
2278,User2188
4514,User3059
2353,User939
9274,User3317
5721,User2167
4493,User4939
6315,User4535
7437,User4055
8490,User4289
5346,User572
8053,User2917
9234,User3067
4260,User1849
1871,User1489
3943,User2457
5454,User227
1382,User3212
2404,User3312
4157,User2084
7858,User1912
3741,User820
6392,User3098
6525,User1142
4893,User977
1546,User1164
4217,User4569
3017,User3792
7183,User3059
7827,User1946
8962,User1410
1565,User1499
1290,User4000
4105,User4210
4750,User4516
6261,User656
9784,User109
4686,User1182
6741,User4585
2684,User4338
1386,User2716
9404,User251
3954,User3945
7461,User1595
3670,User1706
4827,User40
6148,User4841
6213,User2244
2735,User4177
4883,User490
4021,User388
1419,User920
5691,User3529
6147,User1495
2740,User2609
1508,User432
3981,User1722
3636,User1296
9995,User1225
6784,User4306
6820,User201
4006,User3195
9681,User3276
2026,User2269
4441,User2338
4399,User3364
3530,User347
6877,User256
8291,User3430
3775,User2867
6861,User1749
2844,User4906
8075,User2216
7508,User3625
4066,User3380
3978,User5
9804,User4022
6265,User3181
8991,User4594
6657,User1426
6107,User685
3196,User3663
4322,User4466
5532,User1096
8172,User4324
4702,User1627
1791,User580
7832,User854
7899,User1735
3180,User1520
9448,User2410
1300,User4719
5406,User4103
9182,User4006
2242,User1346
5187,User3405
8158,User4315
4797,User1111
6060,User2033
9855,User4441
5794,User1313
2309,User3297
5921,User323
6025,User3072
9057,User2124
5170,User3686
8841,User3468
1261,User2925
8837,User3994
7316,User1563
6050,User1033
7435,User1521
9332,User3934
8992,User4197
4391,User1777
6063,User392
1431,User1745
8184,User2909
2102,User4610
3495,User3449
7631,User3404
1716,User3034
6452,User1285
1052,User2232
4759,User2623
8727,User1918
6595,User914
7934,User3924
3655,User3267
8902,User343
6208,User4595
2050,User2054
2210,User1406
6123,User471
6548,User1777
5956,User3265
8378,User550
4099,User1172
3961,User1107
6077,User2121
3716,User3892
7997,User2446
5373,User1451
3333,User4540
6585,User2114
4613,User3528
2274,User2266
4971,User1424
9765,User4729
7924,User1443
6912,User488
9975,User4766
3400,User682
8602,User2981
6929,User2218
3012,User2598
6506,User4076
5543,User300
4826,User2333
8919,User4853
3125,User277
3508,User3335
8233,User4342
5127,User3602
1895,User4534
2451,User3012
2819,User4119
9728,User364
6908,User883
3220,User2793
8594,User3857
3617,User353
1297,User4043
1752,User1612
4683,User2512
5042,User1729
1403,User1580
7658,User1277
4935,User2859
2168,User2085
6058,User2832
3093,User373
1983,User4027
8344,User4593
7986,User1975
5647,User914
3903,User4520
3000,User703
8429,User2776
3360,User2640
9500,User1419
4034,User1227
8242,User1835
6577,User754
1763,User4646
7950,User740
4838,User403
3480,User4898
9498,User651
1143,User2005
4790,User2307
1703,User107
9051,User4397
4576,User3083
5605,User3256
7121,User2133
9253,User594
1478,User1298
2735,User1119
9200,User2771
1260,User98
7391,User2410
4217,User2145
3256,User4706
9830,User4991
5819,User797
1795,User117
3274,User1182
5986,User3998
6709,User2369
7566,User4597
8465,User4387
2068,User4699
6121,User4278
2216,User2237
9395,User947
6862,User2468
7373,User4988
3740,User2019
6668,User3089
3124,User1891
4167,User974
5744,User2234
2991,User3757
2125,User2239
2457,User3004
4453,User292
9319,User2055
6624,User4591
8383,User820
1107,User2334
1731,User3067
1796,User3187
2608,User2382
8604,User696
1180,User178
5924,User413
9900,User2356
7073,User2220
8884,User1949
9222,User2619
5246,User3207
7859,User3632
4646,User2461
4677,User3490
4760,User4773
8458,User249
8716,User3957
9935,User823
1461,User1678
6229,User667
2572,User2610
1868,User594
7070,User4522
8139,User798
2942,User2140
4831,User3037
7423,User342
8537,User114
4408,User1009
9744,User1465
9675,User4651
9562,User2573
8736,User3879
1589,User4681
1014,User2591
9461,User1705
9818,User3424
1873,User1482
9017,User2067
6943,User2193
2313,User4120
2850,User1990
6499,User3821
3836,User878
2445,User3211
9389,User160
5911,User4225
4836,User2329
8367,User3128
6926,User1935
4517,User2133
7086,User1898
8005,User99
5256,User4748
9702,User3651
6720,User4988
1270,User3465
5081,User2897
1498,User2074
8527,User3395
1388,User3050
8997,User1839
9702,User1257
2676,User1077
2376,User3578
9764,User4213
9550,User2218
1554,User3559
4436,User1143
3141,User4820
7776,User116
8071,User3694
4009,User2186
4550,User3663
7599,User3528
7897,User4126
1228,User953
7579,User4955
6461,User2083
7615,User3704
3621,User1603
4234,User232
4115,User3458
6874,User4658
1683,User2359
4518,User1903
1100,User4620
3922,User1041
6643,User691
8419,User1057
4479,User4295
2174,User4815
5204,User2653
6894,User1750
4051,User4855
9046,User4592
4680,User1129
6182,User536
7857,User1072
4262,User1238
1572,User3040
8194,User3763
7308,User4793
7496,User712
1754,User1673
2862,User1718
2421,User1482
2325,User4226
6543,User393
7042,User2180
4361,User1640
7411,User2416
1168,User239
1703,User3216
1413,User1202
8932,User3839
5514,User4876
9169,User223
3862,User228
7572,User2957
1987,User4363
5150,User4796
5596,User2467
9352,User3503
5806,User3317
8644,User1354
4679,User1792
3522,User4056
6863,User4178
6291,User1512
4142,User3149
5464,User2967
1657,User2111
9262,User737
4142,User1841
7657,User4632
7479,User4942
3631,User97
9402,User1325
5096,User2298
4111,User4340
5714,User1988
1100,User1074
3308,User1803
5213,User1792
5312,User15
5380,User1057
4586,User3063
4428,User4699
9108,User242
3971,User2704
4308,User2929
4315,User1026
8906,User2415
1382,User3806
4330,User1232
4548,User3164
7370,User4929
4276,User3447
7753,User3926
3996,User3473
5863,User3746
1030,User2783
2829,User809
3722,User4158
5714,User1719
2062,User3269
7329,User3360
7172,User4042
9515,User4715
2780,User1475
9855,User4574
2618,User1730
1843,User4127
4137,User4415
7995,User1291
7751,User1813
4198,User455
2817,User4186
9199,User1656
5161,User1658
3916,User2924
9642,User1171
5731,User701
7051,User4535
5252,User1014
1819,User1086
3898,User818
5412,User3123
6547,User89
2893,User822
2249,User219
5059,User1615
9602,User729
3521,User3150
8710,User659
1863,User1370
5670,User3232
2278,User1520
9616,User1055
7835,User1403
3005,User2970
9386,User4193
8220,User1608
2089,User3688
4027,User2245
4438,User4051
2975,User4142
7911,User4501
2339,User2743
9960,User2647
2129,User571
2655,User1755
3758,User4310
7948,User2707
5123,User2379
8714,User396
8824,User2549
1054,User2716
7155,User1360
1404,User3552
9614,User4238
2638,User4708
3897,User1011
2273,User2631
3059,User3146
8603,User3458
6220,User4468
9886,User1871
2883,User3054
9205,User255
3822,User1546
6294,User2240
6013,User1686
7768,User2331
3892,User1368
6203,User3961
8441,User1173
2460,User2796
7968,User4167
7233,User2403
8435,User111
8965,User3952
5297,User2114
5770,User373
9384,User4791
5659,User177
2789,User1261
2468,User2604
4908,User915
3530,User1490
1926,User639
5362,User3359
6957,User1562
1293,User2779
2364,User29
5959,User4318
8541,User4854
9219,User1898
6290,User3418
7588,User3762
6902,User3318
4306,User1894
5622,User566
4856,User672
5637,User2927
4068,User2581
5074,User182
3578,User2278
7606,User3241
3181,User4119
4365,User3466
8979,User4575
4249,User1197
4771,User1695
1813,User3714
1830,User489
3255,User1125
7232,User2287
8739,User4649
8266,User1563
8980,User3835
2590,User2896
5218,User2956
7821,User3325
1685,User239
4242,User3531
9830,User327
8513,User686
1095,User3189
6230,User3222
7035,User3366
7899,User4672
8419,User2633
8924,User699
8079,User1647
2577,User2418
7708,User1881
9812,User4770
3998,User2303
8577,User4279
5590,User4230
2596,User3745
1348,User4216
6710,User1420
6061,User2175
7126,User4673
3175,User4209
6849,User1210
8466,User4217
5434,User3699
2538,User2061
6526,User728
6963,User394
8746,User2608
8533,User2691
9256,User219
1195,User1548
7166,User3336
4834,User3053
7288,User4719
6088,User3575
3040,User4325
4988,User4341
3456,User1746
3561,User2012
3916,User288
3604,User617
2601,User1663
2234,User293
1256,User4396
9506,User4858
6151,User797
6019,User2109
2974,User4323
3252,User2432
1330,User2441
2072,User952
4146,User606
4898,User4851
9474,User2254
5953,User3878
7101,User4100
9960,User2730
6948,User976
8998,User2885
6001,User1286
5968,User1234
2781,User4329
1877,User3483
6507,User4868
7600,User951
1648,User2404
4135,User1968
9709,User487
5016,User111
4202,User2987
4730,User4050
6999,User4056
7142,User262
3682,User4916
6566,User2044
6800,User2050
2827,User2755
7815,User3422
5704,User2069
3144,User3323
8427,User865
4329,User3467
7072,User2807
6512,User1009
1902,User2460
9152,User1904
5039,User725
5755,User3849
5411,User3299
5553,User541
6499,User4383
9472,User3480
4968,User113
1765,User3085
8877,User2726
4930,User999
1701,User2412
8165,User2519
5552,User4926
3208,User2344
7286,User2938
2916,User2114
5706,User783
7267,User277
4381,User2525
8976,User945
8814,User1103
2822,User3288
3621,User2120
1797,User4715
5011,User3008
7586,User1772
5719,User3534
2275,User209
9695,User3682
3720,User891
7758,User3552
1517,User2747
6057,User4678
7925,User3950
2753,User4687
2563,User4310
2370,User3971
3100,User3060
9390,User2189
5437,User1711
1140,User4511
4060,User1889
6028,User3957
4739,User295
5419,User2523
2905,User2096
7612,User12
2091,User3593
8414,User4503
9467,User278
3869,User2393
4453,User3143
8064,User1754
3199,User878
4535,User1379
2798,User4173
7210,User2500
7601,User91
3408,User2925
9307,User3717
2767,User4901
5161,User508
5609,User4523
3107,User3535
2728,User4457
4850,User3374
6144,User3420
2114,User4900
1072,User1064
5964,User3128
5584,User2611
6374,User2077
2811,User3167
4681,User2867
5787,User483
4649,User3049
3970,User2241
3449,User537
3715,User2086
8618,User4999
3998,User1125
7343,User1189
8758,User3242
9554,User3233
2749,User1050
1329,User3984
2263,User807
8271,User907
4671,User3297
8678,User663
5673,User2267
1004,User4217
6036,User4636
6022,User3395
1351,User4308
4556,User3874
1003,User4802
3874,User3114
7533,User2827
3689,User3682
7474,User939
3317,User1335
8831,User4016
5207,User4159
3874,User2142
3934,User3970
2375,User3062
6819,User1891
9355,User820
5885,User465
3594,User4968
6929,User3105
4270,User352
6533,User1152
3512,User1185
8631,User774
7429,User1311
9447,User288
7119,User17
1426,User1913
4915,User3279
1116,User2430
4428,User1396
4870,User3643
9459,User332
6630,User3100
5180,User2288
2667,User4753
4298,User2742
4240,User3595
4762,User3138
3536,User4231
3739,User3265
4184,User2537
6263,User680
4186,User3887
8726,User3548
3327,User1479
2621,User3174
8049,User932
5421,User1555
4861,User3876
7622,User4678
1265,User1634
1333,User4355
1478,User3735
5391,User1134
2223,User1702
9043,User2178
1075,User380
1831,User3441
1426,User107
1102,User1853
1105,User1459
1000,User1421
6012,User3860
1033,User1840
2494,User2301
1916,User41
1833,User2664
7215,User1821
5032,User2217
5791,User3367
8572,User663
4047,User3790
3576,User4003
1601,User1727
6016,User1912
2178,User4874
4679,User4339
6021,User1349
9002,User3187
4356,User840
7193,User3309
9984,User3263
7185,User4926
9776,User3350
8652,User4735
5604,User812
2580,User1063
6285,User2098
9670,User3671
6160,User4920
8966,User4172
7591,User3560
4501,User3546
8962,User2379
4088,User2800
5752,User4996
7609,User3765
4488,User3497
7994,User4365
4757,User3071
8755,User1632
6539,User2086
2597,User1131
8788,User4096
9281,User3573
2739,User1270
1502,User2051
9360,User4824
6508,User2248
9213,User4622
7748,User3060
6992,User3135
8803,User2946
4932,User4444
2612,User2507
8010,User4394
6266,User4612
6077,User1109
9101,User2422
6043,User3146
7850,User1897
6518,User4749
3959,User4137
5868,User1828
3538,User4486
7584,User1332
7615,User3015
7963,User1228
1444,User3168
2978,User4202
3589,User2826
8704,User3437
9443,User755
8128,User5000
4976,User3166
8090,User1753
4416,User1774
4574,User2642
1417,User699
3624,User689
9392,User106
8335,User2336
5429,User1547
1026,User2753
9776,User1813
7655,User4326
3702,User4358
7185,User4866
3293,User1582
1589,User1289
3112,User4324
3765,User4341
8454,User2641
8500,User250
6887,User331
5495,User4104
9690,User371
4079,User22
9817,User1115
6690,User1691
8607,User1068
3321,User4913
2899,User826
5671,User3820
9596,User1657
6962,User4634
7088,User3839
7343,User160
9897,User739
9596,User2032
2625,User4516
8396,User3081
6686,User4034
1738,User2152
7459,User4481
4676,User2121
8410,User4576
8121,User3247
6318,User3953
9956,User1591
1867,User1956
3932,User4198
9322,User3839
6855,User2504
3439,User4336
1715,User4483
3871,User4149
2261,User293
1468,User142
1745,User2592
9379,User1563
8683,User1896
8600,User4069
8622,User4216
2195,User4821
5600,User4000
8532,User2426
3733,User1410
7530,User74
1611,User3826
1701,User1892
8089,User3919
4175,User2274
8904,User2697
5472,User2123
1956,User1773
7603,User193
5892,User1570
3849,User1100
8345,User4665
3940,User1972
1247,User96
5907,User4744
6428,User4647
2662,User4199
8228,User2419
8431,User786
5782,User1047
6804,User3322
1244,User4217
7542,User4619
4405,User1549
5989,User2478
8406,User4328
5921,User4999
2192,User327
6507,User4291
9384,User1954
1732,User2468
7776,User731
5986,User3006
9113,User3648
3583,User4342
1050,User2190
2309,User16
1627,User2067
3357,User957
8162,User4331
1255,User1434
1014,User2039
9077,User4081
3360,User779
3166,User3567
8803,User549
8612,User2841
5136,User2578
3587,User2723
6393,User1115
9620,User929
8838,User1629
2621,User303
1683,User4126
4946,User3785
7568,User1843
3294,User3998
5856,User3043
5771,User1096
5263,User4013
4107,User511
2523,User1905
3022,User3787
7112,User376
8808,User2267
7091,User1004
9048,User3517
2374,User2006
3976,User3832
1893,User897
6256,User2018
2241,User1651
5020,User701
4595,User2440
2252,User1979
3551,User1554
6810,User212
3217,User2249
4209,User3001
8740,User2175
5603,User4216
9455,User3915
7703,User1477
7976,User4313
7486,User1229
3421,User2189
7484,User4196
4397,User461
9539,User808
1804,User2132
3087,User359
9725,User4872
7522,User1869
5394,User2239
6010,User663
9425,User1706
4413,User4389
8361,User1757
7068,User2946
2105,User1579
3479,User4472
4306,User3914
6265,User1791
6637,User1482
9748,User4996
4820,User1433
8750,User1621
3217,User4253
1737,User2100
4156,User1982
4852,User2292
9693,User1362
6780,User1110
3563,User3940
9395,User2127
5099,User3623
2289,User3207
7607,User4999
6415,User2375
4252,User1291
9795,User1389
6114,User3047
4215,User733
5949,User2152
2686,User4336
3703,User2570
9323,User4754
5815,User4503
4411,User1798
4828,User100
5374,User4691
6402,User4234
9674,User2354
4269,User1075
2738,User2153
9845,User603
4623,User3277
6118,User1995
1424,User1413
3000,User829
1774,User414
3107,User4427
4155,User1536
8400,User72
1000,User781
5669,User1876
7191,User4934
7393,User3290
4737,User1035
2028,User4105
5500,User1832
3116,User456
2766,User734
8797,User737
3424,User1594
3094,User2733
2609,User3388
6796,User2940
3062,User2588
1996,User1451
1163,User3537
3833,User1868
7860,User2667
6614,User721
7794,User4259
6682,User4929
3528,User674
5805,User3678
5814,User2894
6431,User4474
8952,User3432
2544,User2628
4139,User3584
1537,User1865
9552,User4885
9571,User1155
3639,User1942
8221,User1635
9773,User138
6972,User2045
8352,User4244
7672,User3377
1905,User4055
8920,User4389
7681,User3461
3003,User4812
1552,User3500
5698,User1915
9418,User1006
6573,User2151
4568,User1440
8682,User2518
8449,User1222
8244,User4872
7569,User1721
4859,User3565
9927,User135
9185,User4320
2012,User4524
6220,User4814
6130,User2626
1552,User2239
4443,User1142
8516,User4884
7494,User3144
6874,User852
1814,User4015
5109,User4827
1356,User3559
6617,User545
3707,User286
2062,User1679
6634,User2109
6413,User767
5817,User1319
9576,User4716
1334,User4289
2765,User2599
7036,User608
5973,User208
4014,User2581
7355,User2549
7474,User617
4609,User445
1158,User1014
3312,User2820
6804,User942
2290,User2155
3223,User4943
4687,User1131
1435,User3231
7916,User1852
4957,User190
8959,User1925
8325,User2303
7082,User2462
3437,User2045
9904,User3720
7457,User595
2484,User4894
2692,User255
1845,User2570
6752,User3819
2309,User4578
1496,User3000
5817,User4832
6648,User275
9713,User4847
3077,User2902
5701,User2096
1335,User4501
2122,User3244
4873,User430
3796,User3556
8070,User1949
2028,User210
8381,User1444
5629,User4430
3765,User1812
3009,User777
6757,User1955
3801,User1226
2099,User4138
5241,User2463
3045,User723
1278,User128
4781,User2121
8349,User2052
3336,User1648
6000,User446
1600,User4082
6632,User4137
6383,User686
6615,User2725
7146,User1522
4927,User2357
5496,User1002
3114,User3832
9748,User1371
5871,User4063
9366,User1206
4220,User3415
9985,User165
7973,User4354
2770,User446
4580,User4507
5822,User2961
8350,User514
9541,User2668
6360,User907
9927,User1969
3883,User3290
6985,User993
1687,User1419
7234,User3836
5559,User4850
8970,User2158
7119,User753
3970,User1091
5796,User3988
3793,User3016
8943,User1985
6861,User3109
1324,User4443
4322,User863
3643,User3723
3256,User28
8198,User4150
3722,User4866
8846,User782
7152,User3074
7140,User3586
2186,User3694
9604,User2099
1018,User2025
7513,User3738
1099,User276
2227,User4912
5727,User3689
6761,User1299
9635,User270
5203,User706
6492,User4735
2789,User4022
7353,User2868
8146,User2716
6386,User3024
8854,User4896
2504,User1315
4116,User1198
9175,User4554
6407,User1801
8437,User2672
7865,User1745
8482,User1535
3537,User3050
8833,User2202
3516,User1897
6393,User1443
5013,User4562
4223,User1470
5749,User4662
4278,User1178
8286,User1977
3163,User3073
7800,User2464
6058,User344
8075,User2463
3229,User1469
8363,User2384
7138,User3234
1601,User4262
7466,User4589
9457,User3671
8977,User4284
1008,User444
3709,User3312
6282,User4133
6255,User2405
3325,User3772
5972,User590
3212,User3085
2064,User732
8969,User449
6451,User383
6508,User3551
8583,User1446
8241,User2309
3799,User2263
3094,User2269
3250,User4848
8619,User2926
5861,User4966
5197,User3764
4218,User2639
8962,User1954
7416,User2534
5264,User4499
8280,User4675
2028,User1134
1500,User295
7332,User3345
6783,User2579
5997,User2373
7723,User3111
2669,User4061
1880,User392
7333,User1854
6858,User865
3270,User67
5996,User685
4326,User4533
9314,User3439
8873,User3865
4787,User2367
9019,User491
4619,User880
1994,User3068
2015,User3082
8230,User1145
7396,User977
8954,User147
2531,User4184
6612,User4863
6127,User326
8821,User435
4637,User3529
4499,User378
9568,User4070
7730,User1564
6966,User1264
5183,User154
5549,User4823
9885,User3777
1881,User1178
8990,User3532
4388,User3578
5673,User3646
8640,User1965
2792,User1147
6982,User1625
9221,User3565
9222,User4420
3677,User4236
1600,User1538
7990,User1568
6376,User4659
9173,User2530
9722,User1388
3086,User1089
6632,User1904
9680,User1338
3786,User2056
6726,User4529
3760,User512
9526,User3613
2757,User165
5002,User4300
6947,User3708
8842,User786
5997,User3823
5623,User989
5211,User2577
1906,User2727
6453,User1689
8747,User512
2935,User3519
4276,User3806
7377,User1785
7069,User1122
8301,User2316
9459,User3648
5807,User4121
2515,User3575
1742,User163
7705,User1522
1188,User1669
2414,User2017
3862,User446
2139,User4315
3434,User916
6791,User4131
9597,User1442
8087,User4713
5134,User3633
3596,User1309
6892,User1627
8686,User2581
4383,User1028
4503,User233
5244,User2799
9901,User3895
7675,User2546
9278,User4300
6347,User4868
5819,User4352
8032,User2042
1109,User4242
7465,User3094
9776,User899
2691,User4088
6634,User2351
9238,User1022
8434,User1091
1881,User498
5367,User2863
8077,User4967
7893,User3900
8377,User2160
1285,User470
4767,User1872
5802,User2669
1766,User2556
8402,User2798
8362,User4129
2306,User3160
3870,User2786
9862,User3324
5675,User1689
4182,User3964
7841,User166
9534,User1520
9313,User211
9367,User1253
7306,User4987
9996,User4216
1191,User1096
1211,User1793
7292,User1576
1829,User3616
5078,User4046
6113,User4356
4309,User1756
1395,User1649
5576,User2361
6743,User1368
5974,User3273
2846,User430
8323,User4564
5561,User349
1225,User697
2687,User136
1867,User3806
8947,User2199
8378,User3438
1562,User3409
2043,User3645
6076,User4565
8563,User1547
6418,User3733
1617,User1585
6495,User3212
3515,User252
5101,User1032
5882,User1640
1629,User4546
6345,User1599
2395,User4361
5177,User1069
8688,User4084
1143,User2674
1433,User204
9096,User1390
4211,User147
8951,User3814
1980,User416
1203,User2414
6210,User2434
7174,User4630
1766,User4336
9655,User2710
7428,User1151
8561,User1403
4648,User3581
9426,User2639
2723,User4007
2072,User4704
1393,User868
5505,User4366
1459,User3926
6966,User4925
4347,User208
8496,User4266
4656,User4611
9397,User1604
8757,User3821
1721,User4210
1298,User3022
7765,User4658
2265,User115
2416,User4081
9332,User1691
5504,User3371
9754,User274
6015,User1024
1529,User1471
4284,User4233
4284,User2506
2361,User2839
6669,User742
3168,User662
4097,User4726
2586,User4279
7352,User1368
7912,User2998
4872,User4054
7733,User4645
4787,User3267
5223,User3132
9035,User2424
7863,User1128
6136,User3963
3077,User2992
6721,User798
8451,User1727
1676,User830
1274,User1599
1423,User965
1813,User339
9371,User2637
2079,User2069
1662,User1870
6647,User584
7501,User710
8463,User2923
1909,User2547
8252,User2059
7608,User3910
6814,User2337
2241,User823
6363,User1778
9566,User2230
4754,User1792
8933,User791
9736,User743
1848,User1804
8015,User3645
9988,User3730
2482,User2661
2976,User4250
4882,User3703
2798,User2306
2243,User252
1468,User3494
4016,User725
2540,User1112
4526,User1406
1050,User3566
8294,User1788
1217,User3648
4008,User19
6093,User3727
6196,User2805
3641,User1971
2448,User3498
1595,User2086
9792,User664
4853,User3778
1325,User3433
6587,User1441
5040,User4328
9444,User2576
8489,User2724
8083,User87
2455,User4707
5722,User810
5381,User2035
3592,User4215
3109,User4976
1217,User4616
9897,User523
7240,User2913
1501,User2289
2923,User3083
1093,User4854
9219,User3778
4212,User4522
9294,User2997
8259,User701
1102,User3889
5173,User1390
5367,User1427
6960,User3824
1604,User645
4559,User2087
1460,User1537
3676,User4260
5546,User4698
4781,User2680
6102,User2057
1581,User199
5145,User3523
4145,User2967
3441,User4949
7433,User4052
9124,User3542
9468,User2207
2452,User2658
6093,User4137
6113,User4689
6720,User2284
9817,User4466
3955,User417
8798,User3540
9081,User154
8775,User3228
4783,User1358
2887,User3057
1543,User2703
8439,User3116
4715,User1412
3032,User152
1356,User217
2548,User3883
8455,User566
9563,User623
1067,User1942
1583,User39
5624,User2357
5527,User1210
6504,User2777
8545,User3974
5972,User1721
1482,User171
5862,User700
2541,User1665
2254,User4772
5098,User3739
3983,User4920
5804,User780
7992,User3610
2548,User1865
4739,User426
2179,User2027
8081,User1209
4201,User2660
1148,User2366
7112,User979
2243,User4480
3102,User878
1426,User4591
4569,User2967
7188,User4593
1475,User3534
3188,User1163
7878,User3395
3263,User1446
7369,User1694
2030,User623
3520,User545
7055,User1937
6517,User363
3120,User3301
1128,User214
5805,User927
1482,User3605
4174,User1941
8092,User4637
5762,User3459
7381,User1622
4996,User4043
2959,User3110
9546,User2899
4457,User125
5101,User4216
4280,User1778
5155,User3617
7512,User2856
5868,User3774
2796,User1350
1710,User4876
6129,User2679
6144,User159
2064,User42
9989,User3914
6161,User676
4001,User1683
3738,User1279
2151,User2849
8563,User4271
2804,User4971
2058,User2912
3399,User2003
7436,User552
8811,User4016
4766,User1689
7872,User1141
2615,User3560
8485,User1863
9798,User1740
5812,User341
7203,User4815
5602,User4251
3564,User2049
1776,User2459
1596,User4154
4329,User3167
9438,User3869
1917,User2851
9461,User3724
6289,User723
9155,User3393
6178,User3473
8921,User2963
6857,User4457
3830,User408
9786,User4333
3684,User636
1385,User515
2947,User2017
5644,User4253
5622,User4503
7690,User4744
9164,User4080
7259,User2462
9341,User4205
3511,User3155
2046,User1759
5157,User1047
4378,User3953
1766,User1708
7907,User4804
6130,User2783
3568,User2089
7051,User4601
5462,User1367
8625,User4007
5587,User3466
9712,User2702
7455,User1758
7795,User2808
9930,User142
5727,User2798
6574,User3286
8247,User4178
5079,User3862
1463,User3071
8431,User2925
4534,User4745
7814,User4882
1367,User3477
3779,User2113
4675,User4370
4981,User3508
6402,User2377
6891,User3554
6635,User1760
1606,User946
5376,User2733
1741,User2840
1130,User2912
1606,User3646
2276,User1158
5514,User2368
2228,User910
9036,User3494
2613,User1359
3144,User4960
3753,User1678
7285,User2334
4609,User1209
5011,User2490
2517,User2277
7443,User1320
1875,User2573
6521,User74
7956,User2168
7677,User1674
2193,User1490
9342,User3807
2166,User2723
5974,User635
1194,User4879
4178,User3807
5983,User4253
6726,User4706
9040,User4809
7927,User1555
6891,User2539
6234,User4141
7500,User1208
3341,User1018
6535,User1395
3934,User3726
5279,User4605
1124,User3410
7649,User2975
3305,User1786
4070,User1163
8058,User1126
9737,User944
4950,User1784
8649,User2736
3569,User950
8856,User1549
8401,User2148
8955,User1030
6564,User2043
3552,User2913
5444,User2327
9952,User3140
6136,User1513
7248,User4623
8987,User2206
6836,User697
5300,User1413
2941,User445
2737,User384
2106,User893
6960,User3534
6050,User4129
8427,User4358
7084,User2823
4616,User3121
3719,User3374
9525,User963
6162,User3126
6591,User4341
3326,User3825
5478,User386
1938,User2289
5907,User4568
2714,User2060
3058,User400
9735,User871
8184,User3359
1024,User3647
5141,User4913
1177,User416
2974,User2418
8723,User930
1140,User1172
1892,User42
5014,User839
6162,User4560
4062,User4244
8245,User2763
7073,User1795
9245,User2005
7243,User3070
2421,User4023
6320,User3404
3723,User3505
1390,User3996
4255,User263
1422,User1219
8046,User580
6719,User4491
4370,User603
4162,User3413
8653,User3292
6582,User4865
2977,User2307
6627,User1471
4919,User3026
4841,User4414
1711,User1504
9462,User1545
2290,User1018
2381,User4593
9414,User451
4756,User958
8146,User1147
3175,User3804
4513,User1279
1599,User3026
4895,User3783
9187,User610
1231,User3928
8367,User4977
3098,User460
7592,User23
6468,User2313
5909,User4468
5083,User4182
3283,User749
3318,User4339
5593,User829
9956,User2622
1446,User134
6279,User2962
4731,User3726
2585,User4784
7916,User4207
8543,User678
9278,User2488
2307,User1590
1649,User1673
1187,User1388
6490,User4076
6141,User2121
3978,User819
2260,User4347
6283,User3193
9240,User612
1540,User1671
6355,User1095
8876,User2574
1543,User2920
3041,User1043
8584,User3180
5019,User1615
8555,User692
9650,User4169
7361,User3631
9515,User3976
9112,User3366
4941,User1182
5821,User773
4952,User4497
1876,User2575
5875,User3693
4563,User850
1589,User2780
5461,User1828
1731,User2810
6266,User207
5505,User4836
1906,User436
2190,User2786
3309,User1916
3507,User811
3737,User2367
3312,User3786
3035,User255
7194,User3945
2303,User2734
6536,User2503
3843,User2256
1369,User972
8588,User2015
2957,User4377
8774,User4008
1992,User618
8259,User1000
4253,User3824
9934,User2006
1044,User1309
6890,User1116
5484,User1397
2121,User465
6227,User135
1441,User2526
4276,User4377
7444,User241
4506,User2258
5595,User3214
8023,User525
2278,User1366
1395,User4792
4696,User1408
8960,User4964
6128,User1690
5527,User3144
2103,User1138
5444,User166
9869,User3220
2738,User3426
4140,User357
2508,User4463
7332,User2456
4817,User1532
6597,User1210
7126,User4948
9786,User2157
8577,User421
4904,User3302
6451,User1326
6208,User3138
7461,User3594
4369,User1325
2762,User4121
2378,User195
5621,User3155
2031,User2328
2128,User3531
3093,User1978
2435,User3880
4870,User892
2121,User1353
3601,User2767
7107,User239
4319,User4155
9059,User3668
8888,User874
8879,User3182
8748,User1311
2762,User2974
7863,User2866
3693,User3682
7426,User3269
4418,User3452
9057,User2401
9323,User1191
7778,User1361
1384,User639
4476,User1057
4256,User4400
3210,User1947
1822,User1141
7030,User369
9259,User1518
6422,User38
5669,User1841
8587,User3258
7617,User824
3946,User2245
3772,User2596
3745,User3400
8745,User2247
7275,User2450
4002,User4258
9972,User3288
1506,User874
6524,User793
2620,User4791
5492,User3576
4029,User620
3662,User1215
4148,User1157
1812,User82
8362,User2011
3990,User2126
7110,User2426
2743,User2752
8622,User2835
9608,User375
5348,User1348
1206,User981
9573,User3672
9022,User1738
3246,User4958
1946,User2860
2748,User1828
6192,User4361
6322,User4510
6144,User3989
3759,User818
5426,User3567
8568,User4914
9706,User2717
1970,User3925
1017,User3577
1468,User4594
7719,User643
3419,User3512
8318,User3877
4465,User4434
6456,User1224
9983,User4102
5466,User152
1779,User949
8558,User543
4323,User4096
2458,User219
4011,User3096
5517,User2662
6522,User1411
3230,User1624
8655,User2588
6378,User2170
3757,User2612
7815,User2491
5926,User472
7456,User830
1115,User1286
5549,User553
8191,User2054
1073,User3295
3339,User2264
4550,User725
9918,User2501
3146,User1282
1522,User1418
3726,User4004
1536,User3594
9231,User3388
1104,User1296
4928,User4600
3724,User2653
2961,User4932
9258,User4929
1178,User277
5619,User394
5118,User1711
2818,User3379
4848,User3155
1618,User1295
3022,User3308
2406,User3997
3341,User4263
7390,User2088
9807,User4217
7235,User4002
1456,User1964
7122,User435
4720,User4944
7820,User2176
9420,User4318
6975,User580
5480,User2633
6845,User954
7159,User1499
2318,User1324
3801,User2529
9082,User1553
6977,User4045
2088,User1982
5518,User4736
6799,User3681
1571,User4348
7588,User4963
6815,User746
8511,User4368
3171,User4566
2281,User2100
8893,User950
7795,User3207
6287,User4053
7929,User1979
9848,User1580
1312,User1033
9975,User1112
1339,User2431
4713,User1083
9867,User4925
1210,User4943
7079,User3097
5847,User298
5584,User2955
4770,User866
9159,User1259
3812,User312
5393,User2667
8255,User2793
9402,User3729
6535,User2503
8292,User4122
2647,User3729
1079,User4319
6762,User1769
2910,User3229
2323,User4168
9234,User3731
8414,User2568
2285,User2233
1383,User1712
3831,User3323
3573,User4292
7614,User2883
9431,User4866
2593,User4444
6237,User4421
2321,User1774
1814,User1574
5291,User992
9754,User565
4900,User3024
9353,User2123
2848,User2983
5692,User3239
5907,User1071
1094,User4145
3891,User4134
6501,User4516
9342,User1970
7908,User1104
7664,User4940
8827,User4997
6895,User2921
9365,User417
9789,User4060
8406,User2052
8526,User812
6075,User1159
4327,User83
2416,User2819
2753,User3744
6152,User1948
5855,User3064
2697,User283
6048,User3555
6543,User2752
4524,User674
5092,User1397
9125,User3703
4681,User425
3516,User4878
6520,User1891
8033,User2863
6042,User2723
3526,User2971
6377,User111
4448,User4811
8157,User1691
6653,User3179
8623,User3786
9230,User2889
8023,User2415
2671,User3109
4272,User4925
4692,User987
8596,User2223
1953,User3636
9527,User3732
4619,User2684
6153,User3090
4342,User3798
5296,User3148
3814,User2601
4261,User386
6253,User1963
3653,User2655
5532,User1587
4202,User2605
4964,User4514
2692,User4013
7990,User1081
1992,User235
9426,User1032
1042,User3331
6518,User4233
7854,User715
1429,User2998
6916,User4159
8297,User1177
4159,User4922
9691,User274
8806,User707
9872,User1159
2227,User3851
4527,User244
8335,User4923
7256,User1968
1890,User4533
4130,User1539
3779,User3792
9099,User713
8736,User2017
4597,User1516
1086,User2623
5488,User370
4204,User1110
4999,User2833
7389,User4823
7443,User2035
2724,User3364
4018,User141
4754,User3950
2718,User4022
3430,User4719
6478,User3779
1478,User4476
2106,User4577
4837,User1473
7226,User950
9534,User1643
4881,User3275
1257,User1108
6500,User3198
7803,User3734
5016,User43
7208,User1325
7931,User433
7846,User988
9025,User4044
1984,User1817
3709,User4739
3097,User2596
9763,User1378
9131,User3013
3720,User1008
8740,User4829
7349,User1901
5182,User1417
9519,User162
9059,User4508
2729,User2241
4803,User1481
2624,User1555
5114,User545
1381,User2178
5124,User439
3820,User2980
6020,User3182
7006,User2124
9588,User1864
2636,User4377
6529,User4458
9827,User2833
5197,User2595
4465,User3771
4495,User4559
3209,User4880
6116,User3564
5194,User1626
8283,User2718
4009,User3191
3137,User2086
4087,User2174
2072,User4995
8148,User4650
4571,User4043
6817,User1442
1547,User4062
9984,User1504
8951,User3204
6279,User3667
5827,User1130
5325,User3665
9232,User841
7118,User313
3719,User453
3008,User1243
7918,User1505
3470,User563
5012,User1874
3992,User3233
4522,User1097
1737,User1116
4277,User108
6666,User3355
2879,User292
2141,User2418
2521,User4698
2433,User1685
4887,User4077
6174,User877
7593,User3408
7432,User861
7419,User3979
4454,User1505
9277,User1345
9614,User116
7846,User1912
5527,User2944
2777,User2136
3477,User4316
7793,User3440
4663,User2764
6822,User3608
1450,User4828
6205,User3106
6445,User1839
2969,User4655
9094,User2674
5703,User838
4403,User2584
9302,User4141
2962,User1881
4663,User413
7156,User4651
4357,User4607
2395,User4482
8291,User1849
2517,User2378
5919,User567
8724,User2693
9676,User3788
9091,User2122
4361,User1031
9368,User1590
1980,User1396
8718,User913
4032,User2062
1635,User3796
3139,User4586
9826,User883
8203,User3444
5156,User1474
7556,User3059
4705,User4021
4921,User4810
4126,User4989
6512,User2497
7299,User222
6009,User1913
5930,User4518
4744,User716
2161,User4963
1875,User4331
7384,User509
1108,User749
4968,User2538
9100,User3643
3382,User520
5483,User3252
1903,User4713
5358,User1414
1447,User3996
6874,User3670
6118,User1252
5638,User3839
2148,User3020
1262,User4161
7858,User4433
5072,User2607
2113,User4972
5612,User1209
8027,User4023
8520,User3517
8068,User630
3979,User4348
9560,User380
9657,User2437
5567,User2865
5425,User2194
1575,User3601
7554,User4138
1633,User1367
7215,User4176
8110,User4015
6221,User224
4826,User1165
7656,User3142
3670,User663
6519,User3499
2046,User1281
8125,User4021
3157,User3989
1695,User4047
6932,User4498
3455,User4325
9432,User16
3286,User4212
8016,User1314
1315,User725
1411,User4064
3711,User3957
8050,User3421
2333,User2517
6441,User4347
7877,User3310
1735,User3962
8773,User487
1386,User408
1896,User1981
5095,User1780
3924,User1660
7720,User2319
4592,User1269
5079,User2676
9904,User4155
6899,User449
7345,User304
8024,User2988
6066,User3368
3208,User3249
1650,User2300
2349,User181
7598,User2467
4640,User2371
4843,User546
4803,User1801
1576,User3969
1588,User948
1505,User4717
5100,User1649
5577,User2841
9150,User734
4215,User1473
9547,User2552
6302,User1157
9435,User4280
1317,User1055
4862,User4196
7207,User4913
4617,User361
6541,User1134
5477,User2038
1517,User3115
5450,User3222
9580,User1364
7458,User2877
6478,User29
3550,User3695
2123,User941
7293,User4583
4011,User1610
3786,User415
2015,User3047
6219,User2447
1120,User4082
9860,User66
1488,User2875
3476,User4606
7793,User1299
6245,User81
3191,User4447
3009,User757
8583,User2916
1109,User2392
6421,User2871
4937,User2407
9936,User4731
1260,User4954
5755,User4265
9631,User4420
5947,User2999
2191,User4954
1582,User124
3687,User660
9696,User4177
8876,User3140
3808,User1730
8592,User324
8641,User1382
2995,User287
4252,User1707
8824,User4956
3407,User4378
2343,User1553
2526,User4069
9563,User344
1334,User1749
5710,User2076
9965,User4402
2239,User1726
7199,User1845
5656,User1123
5192,User3952
3593,User325
9852,User3151
6488,User2439
5738,User3907
2760,User4834
6819,User395
9177,User181
3557,User2471
1236,User4020
7509,User1172
7198,User2695
9126,User665
6473,User3043
3102,User1357
4224,User2082
7124,User4629
9267,User2073
9536,User4537
5825,User4571
2901,User796
2653,User129
7769,User4719
7075,User3826
7275,User3402
6925,User4865
3814,User3708
6440,User1487
4669,User2087
4289,User2758
6526,User4176
7301,User4448
2223,User2971
9240,User1072
8566,User1601
6690,User2846
8250,User3623
1793,User2469
8704,User3483
1390,User4936
5282,User4556
6283,User708
9329,User1631
3313,User2175
6653,User1819
9146,User3969
7104,User3038
4751,User2803
9727,User495
7237,User2202
5500,User835
8437,User4665
2810,User4117
8554,User1225
4010,User4392
9936,User3419
3659,User4437
9204,User4638
1882,User1029
6128,User3343
9395,User4283
1956,User2166
6549,User2217
4688,User1271
5219,User3314
2867,User2963
1045,User907
6274,User4946
7429,User871
9046,User2831
5903,User1224
9531,User1729
4355,User1348
2720,User4662
5018,User153
3949,User2560
3261,User3927
6933,User248
8900,User1794
4930,User3560
8854,User4812
7473,User2674
5866,User3228
1134,User1289
1471,User3425
4474,User235
3696,User915
1786,User1280
2284,User363
4424,User447
6917,User292
7869,User3256
5486,User189
5764,User566
7679,User4963
4227,User4177
1361,User450
6553,User857
9887,User3173
5429,User2651
4927,User1540
2933,User2213
9611,User4265
1530,User4814
1075,User4294
5297,User4934
5625,User4005
2176,User3257
7438,User1860
1571,User1999
1316,User3591
4513,User2254
2652,User485
8143,User491
5372,User4365
1234,User1767
7371,User2762
2280,User55
8693,User588
3998,User786
1204,User2850
4900,User2495
6135,User2647
8940,User4972
6216,User835
4221,User4553
8163,User3874
8732,User1433
9228,User2745
3499,User192
7842,User1246
5773,User3612
1771,User1056
8913,User3894
8039,User1515
7517,User436
6973,User2556
7114,User4767
5181,User1542
3175,User1914
6241,User675
1291,User501
5722,User3983
6678,User3112
1434,User445
2242,User3683
8997,User2404
8443,User4374
3573,User1225
5460,User4107
8131,User438
2027,User2550
6880,User1624
1276,User607
3310,User1227
1952,User1500
4953,User1855
8683,User3169
9813,User4647
4027,User3300
7718,User4734
2638,User1964
6399,User1087
3167,User503
9430,User785
3131,User1019
2541,User2560
1858,User4522
2083,User119
8912,User4666
5833,User1382
8115,User4342
5637,User3318
9797,User3157
5767,User2540
3384,User4300
9666,User2914
6898,User4439
2324,User912
1498,User4708
8740,User525
4438,User236
5339,User991
4100,User292
3843,User2607
5897,User103
4348,User3615
3031,User4038
2496,User2904
9633,User3099
5002,User2304
1607,User1065
8769,User3625
2191,User1953
8238,User4234
6702,User1557
1647,User4965
6658,User3403
7891,User2272
9860,User4756
1244,User2992
5353,User3808
3880,User3306
1903,User1839
1507,User1891
5727,User1503
3679,User4505
4752,User3216
5288,User858
1583,User1114
7640,User1781
1500,User939
4402,User1824
4532,User477
7550,User1097
9547,User1808
4479,User4708
8830,User3112
4352,User4187
8848,User1932
8888,User2666
6089,User4839
8635,User1596
5293,User559
9783,User4276
4956,User215
1082,User3454
5410,User1350
2370,User4269
1021,User4053
1203,User4570
7230,User1142
8010,User3251
7444,User3833
9450,User1735
2723,User2199
8269,User4510
9167,User4342
6681,User2138
5008,User2134
6483,User546
1661,User2022
8786,User3980
8554,User4767
6353,User3508
3240,User4004
3313,User999
8337,User2022
9190,User3773
7555,User1914
5378,User4688
4883,User1255
1404,User824
2298,User1764
4842,User3879
9132,User4155
3447,User2143
6417,User4468
1118,User4978
6827,User4006
5432,User2010
8756,User3483
6880,User1388
6520,User1514
8451,User1217
6865,User1764
2782,User3478
4774,User2001
2064,User3914
1417,User2547
9876,User1688
9683,User2360
7524,User2643
1222,User4786
4166,User3234
9308,User3091
4786,User4364
1646,User4370
1224,User1925
6826,User2557
1775,User574
3075,User3385
9796,User3905
3055,User602
3804,User4716
9028,User3456
9310,User921
1979,User1535
7695,User533
2037,User3004
3436,User4763
6556,User3849
1238,User3542
8760,User456
7089,User3941
1508,User3620
4809,User3214
4621,User2496
7072,User2171
9415,User3803
6725,User3255
9057,User3472
8091,User4267
9316,User2293
4717,User894
3888,User3149
6552,User1586
8456,User1750
5988,User2554
5421,User3740
4683,User1287
6979,User1070
3649,User2841
4166,User4388
9316,User3159
6563,User478
8028,User1085
9543,User1736
6437,User1617
3275,User1249
1195,User4339
5386,User3829
8828,User628
6012,User861
9061,User532
6130,User359
9196,User1502
5491,User4527
5577,User1930
3442,User2169
6079,User2716
8530,User347
1122,User1882
6715,User1180
2515,User1053
7061,User1554
3679,User2009
7410,User71
5288,User1875
1641,User2279
2104,User2682
1631,User1788
9412,User1173
5064,User487
7764,User2183
7408,User4008
7883,User1793
2338,User2719
9533,User3500
2613,User2699
8525,User4374
3667,User4692
2030,User2652
5318,User4185
7530,User963
3341,User370
8529,User4937
2758,User2694
7542,User1854
9050,User4143
9370,User490
4810,User566
1477,User4332
6525,User3927
1515,User1244
1326,User3551
6273,User70
6189,User2516
4558,User2335
7681,User2786
2968,User1749
5583,User3743
9290,User4396
7326,User4966
9232,User1840
3840,User478
4594,User1153
4043,User1192
1821,User3749
3751,User392
6276,User3124
3875,User3394
5568,User1870
3019,User1622
1701,User4063
2623,User1506
4196,User3257
6495,User763
2590,User827
7717,User3229
5605,User1883
9129,User511
3006,User4134
8263,User1449
8664,User4089
3058,User4403
7835,User2737
4723,User2428
2452,User293
6265,User1829
5544,User3291
1966,User1388
1647,User1239
1741,User4396
3350,User525
6268,User1474
5048,User2606
7252,User1126
6764,User4904
3024,User3126
9703,User2421
7676,User3467
6556,User103
8112,User716
8934,User3166
1921,User3367
1950,User1672
8161,User1958
2463,User1988
2851,User3220
9354,User465
7536,User221
4935,User1693
6679,User3684
2094,User3007
9994,User1985
2724,User2447
4771,User1414
5887,User537
8556,User525
4929,User180
9445,User2143
8420,User4228
4901,User1019
8759,User1569
8156,User3417
7790,User3357
6361,User3955
2408,User2138
1116,User4009
9878,User2454
5497,User761
3027,User2625
9523,User1605
2319,User2462
3956,User803
2337,User2739
4850,User3384
5805,User2496
7247,User11
5714,User1451
9612,User1136
9004,User3168
7421,User2230
9215,User3324
6335,User3897
6170,User2081
3662,User3281
5673,User1087
6768,User3054
5153,User3749
8317,User1385
9482,User1413
2584,User4053
7364,User1339
9121,User4151
1833,User3422
3263,User2604
1894,User4149
7789,User435
3481,User3503
3663,User4764
4865,User2728
6672,User3635
9668,User389
4669,User4723
8066,User2204
3155,User586
1890,User4863
3336,User426
3297,User4291
5590,User2654
6692,User2600
9684,User3294
6939,User3705
5253,User2736
6901,User3549
3459,User1547
1341,User1621
3255,User1636
1273,User2406
4140,User769
3302,User3564
5401,User4956
2943,User2222
8423,User4770
3522,User3681
6349,User2378
7283,User4360
8803,User845
4276,User3052
2131,User988
9029,User1709
5892,User1317
4853,User2170
2280,User4991
3975,User2962
7370,User970
8584,User4526
1326,User2291
3516,User526
1905,User4243
5962,User3774
6027,User1422
4042,User3309
6087,User925
8005,User3002
6926,User2065
3088,User2222
4638,User3262
9385,User4628
6983,User622
9863,User2582
3769,User814
6080,User682
6067,User751
9375,User3842
6023,User3340
9547,User4881
5476,User1285
9931,User592
2295,User1499
2814,User1036
5812,User3192
8393,User4179
4619,User1311
2101,User131
1765,User2656
7352,User4631
5085,User1999
9366,User287
7664,User2270
3256,User686
2451,User2129
3410,User1912
8073,User557
8404,User204
8496,User1532
2520,User3308
6193,User2538
8458,User4545
7474,User1360
6878,User777
4158,User2032
9644,User4592
1795,User4428
2713,User896
4278,User3336
4818,User2842
9245,User1242
3667,User4732
3159,User3841
3075,User1135
8392,User2593
5065,User3164
3292,User3862
7062,User4490
8942,User4239
6477,User2365
2013,User4069
9421,User3189
3575,User3854
6872,User610
3469,User4972
1783,User18
4040,User3101
5418,User2469
7867,User3501
4336,User4861
8050,User1408
5615,User4230
8130,User4150
2620,User4316
9832,User2733
1839,User2500
1090,User4592
1884,User189
6404,User3798
2543,User2997
7529,User3726
1304,User3093
2852,User3948
7201,User3086
8621,User1925
1617,User323
7536,User4014
2383,User869
7795,User3460
3386,User3342
4253,User4933
3780,User4301
7740,User2457
8835,User4017
6866,User677
6960,User3061
3326,User1199
2787,User4122
1647,User488
1624,User1351
7758,User4390
6792,User558
3067,User3537
6707,User1421
6557,User213
6806,User1555
2206,User3831
7129,User3544
1078,User3818
3725,User3535
3869,User4302
7844,User749
2905,User3197
4879,User2209
7731,User1493
5286,User3660
9248,User2885
6638,User4915
4298,User547
7995,User2088
1982,User2119
8019,User3213
4700,User1337
7971,User2621
4706,User2717
5691,User4556
4591,User1634
6182,User1230
8945,User2246
1143,User1502
1208,User2990
7775,User366
5761,User1797
5238,User1914
9032,User620
2537,User1750
9222,User1035
1396,User4426
6118,User1596
7438,User2822
4126,User4305
7858,User3687
7788,User4617
5282,User1998
8891,User3585
3538,User946
5295,User152
1242,User440
8693,User840
6871,User89
3299,User4687
2178,User3983
8584,User4719
8030,User1410
9181,User566
5850,User956
9912,User1370
6435,User875
4035,User4657
3010,User2223
3586,User4872
1011,User3466
7755,User4979
3791,User860
1976,User1914
9934,User2422
1196,User4233
5604,User936
3465,User1931
2517,User3329
8239,User3003
9510,User14
9251,User1702
4124,User4674
8095,User3452
3853,User3378
8784,User567
5645,User4837
1857,User644
4410,User3123
6389,User326
9846,User4022
2472,User3831
1984,User1761
1578,User4963
3722,User2192
9475,User167
7454,User933
7834,User1883
7805,User291
3334,User2244
1595,User4591
8884,User2382
6024,User2154
2558,User3605
4388,User4395
8778,User2659
7690,User3821
2113,User1009
3909,User4931
5748,User4489
1804,User2309
9417,User2471
6881,User2594
1450,User39
8183,User3626
9697,User3752
2635,User3601
6005,User3920
4002,User2673
3167,User1698
1040,User2397
4705,User1164
3751,User2261
1388,User3245
6685,User3660
3404,User97
5694,User1214
6425,User3160
7681,User3950
8739,User2891
4391,User1300
3020,User4853
2719,User831
9446,User115
9978,User4918
6022,User2208
9661,User4719
4726,User3363
1903,User2650
4322,User4812
8819,User2088
2272,User2172
3200,User392
6698,User4414
4516,User1914
1201,User4424
2158,User2520
6820,User1312
7734,User3269
9454,User3458
9759,User3800
7839,User3959
2126,User1858
4833,User4354
4233,User1101
8116,User2862
2222,User4419
4604,User4041
6797,User1530
4992,User1870
1062,User3594
8300,User221
2801,User4425
6112,User4586
8735,User4176
4882,User2313
7945,User2379
7331,User4376
9921,User3653
6705,User789
8630,User3944
5351,User3006
1410,User4057
7388,User3815
1993,User2238
5301,User3915
6064,User812
7187,User4291
4625,User4901
2153,User3443
3609,User4407
5413,User1913
9653,User1329
2108,User4553
7653,User4822
5253,User3329
1261,User4984
4720,User1579
5853,User4830
3870,User33
7165,User565
3261,User2079
8948,User4948
5690,User3347
9729,User3844
7349,User2
7201,User1524
5820,User4680
4315,User2036
9981,User1991
3459,User2180
6232,User2829
3348,User83
3394,User3061
2176,User454
3525,User2667
6704,User1010
2017,User1303
6366,User935
5660,User447
3103,User1776
9916,User1027
2200,User4905
1660,User90
2966,User4185
1685,User4556
2356,User2557
5452,User1108
9058,User3379
1691,User847
1460,User3392
6619,User4635
3963,User986
8930,User398
1254,User3943
3785,User3386
1576,User3700
9650,User2868
9570,User63
5093,User2256
6644,User4628
3464,User1602
7136,User1000
3856,User4022
4113,User3059
5148,User4032
2951,User3067
3268,User3349
1261,User3791
3939,User4945
4328,User670
4141,User2695
1771,User1363
9013,User659
8368,User1171
1858,User2736
2183,User1731
4822,User4429
3069,User4940
3335,User593
1527,User2806
5544,User1697
2520,User1591
4540,User476
9587,User2057
8421,User4011
2505,User4383
3477,User1687
3892,User2073
2363,User2051
9632,User4979
2198,User3042
8153,User2572
7866,User1056
1056,User4613
3339,User1803
5337,User4952
3757,User3692
1783,User3128
9524,User4654
8718,User1800
8763,User2456
4815,User4342
2996,User4869
2729,User67
5647,User1991
2959,User2391
7822,User16
5905,User946
5325,User1745
5432,User2867
3280,User4366
6370,User909
7134,User4979
4828,User3692
7135,User4293
5225,User3334
2929,User4511
2596,User3159
9785,User3244
4203,User2301
1398,User2636
7846,User4028
4604,User3543
4333,User2819
6737,User3614
9288,User3191
6990,User2016
9989,User3314
8387,User4036
3260,User719
9863,User4475
2809,User2954
9372,User323
4295,User4453
9364,User1386
9428,User4445
8714,User932
2273,User2456
6596,User368
7525,User1234
8464,User1568
9932,User515
3162,User3351
2959,User2308
3115,User759
6203,User3239
1048,User2632
5490,User2417
9952,User2817
6467,User4861
2832,User3316
8097,User1144
4173,User1045
7251,User250
7367,User3151
1313,User4103
7280,User3109
1527,User1308
1043,User2027
8327,User4726
5955,User3587
9725,User4926
4089,User2600
1470,User3086
3118,User1578
4203,User2186
7486,User39
6596,User4915
8942,User2528
9334,User2809
8954,User4869
2381,User4908
8914,User3974
8548,User737
2384,User2496
4278,User890
8109,User780
4554,User1030
3465,User2865
1555,User4984
2433,User3178
1440,User3366
7613,User2145
6396,User190
7593,User89
7726,User1174
7006,User3123
3548,User2636
8925,User5000
4023,User3271
4172,User1777
3033,User895
4162,User4321
2138,User1981
7651,User3657
8478,User2547
4071,User4374
7194,User2459
4304,User1894
5074,User2606
6887,User4438
7340,User277
5600,User237
7829,User3938
3808,User2023
9907,User3693
8380,User4793
9162,User3835
6452,User4061
3454,User2845
5317,User3466
5856,User1418
4733,User2048
9294,User501
2241,User3857
4528,User781
8186,User2573
5719,User4380
2274,User4854
5149,User4522
2085,User4949
7666,User1853
9332,User231
3766,User1225
8683,User3336
5505,User1805
1265,User1129
3691,User174
3368,User1592
2970,User945
2090,User2338
1918,User3205
6813,User3064
7789,User2336
1420,User3869
2243,User2864
8175,User851
9995,User4655
7706,User3334
3966,User4088
2087,User4045
9249,User25
1200,User2919
4623,User4910
1221,User2346
1439,User1377
2264,User672
8668,User139
5275,User3543
1515,User2503
7584,User3919
8079,User4307
1165,User2577
5457,User179
6225,User249
6467,User1744
6551,User1711
8581,User3390
7584,User1717
5232,User1911
4611,User430
3307,User90
6715,User4549
4223,User1743
9168,User1557
7566,User1773
2255,User4351
9004,User305
6000,User914
9144,User4663
1428,User3724
4080,User2997
3924,User3605
4933,User1939
7558,User1392
1342,User1878
6101,User1980
5385,User245
5773,User3696
3969,User3914
5137,User1085
7079,User167
6233,User3541
8418,User2775
5808,User1163
1711,User2295
9630,User295
8143,User269
1270,User96
1529,User3142
4250,User4133
3840,User3203
7997,User4451
1479,User3887
6609,User3872
4147,User182
1702,User4368
6388,User2541
6302,User4112
9931,User568
8947,User1184
4352,User1759
7361,User3684
2371,User1723
3485,User2138
1507,User849
7948,User4553
8080,User4519
7661,User4121
7118,User1963
5638,User3466
5758,User1272
3886,User615
5525,User3850
3491,User256
7961,User3764
4807,User4935
2259,User1713
8413,User4330
7622,User3004
9515,User3007
3775,User402
7009,User173
4931,User188
7882,User2083
7197,User3303
4014,User4629
1930,User507
9675,User2204
4930,User2484
3483,User3383
5189,User2635
7300,User1411
6583,User2949
8748,User3673
9884,User2908
3002,User2875
3799,User3376
5529,User3209
1865,User3832
5233,User1744
3472,User1294
2535,User3379
2868,User2114
2701,User3735
5390,User249
2371,User2128
1247,User270
7951,User207
7933,User491
1337,User1425
9579,User679
4399,User404
3023,User218
5901,User4394
8495,User918
5527,User3811
8690,User1788
1551,User3862
2515,User2729
9190,User2021
2693,User4413
3521,User4570
7562,User2217
8945,User2852
2788,User2018
5403,User933
6592,User3972
7491,User456
2096,User2581
2323,User2555
4025,User4742
8160,User1127
2555,User2200
8762,User3096
3333,User3755
9609,User4709
9879,User2485
5269,User1654
8387,User1177
8203,User4762
4530,User3937
2240,User226
7607,User4316
1051,User4914
8628,User4458
4223,User2615
2563,User2289
3376,User1154
7025,User3570
5241,User2224
5199,User3160
4381,User293
6923,User4890
7481,User510
7338,User3398
5749,User3699
5906,User606
4653,User3273
9182,User3836
1285,User4293
5926,User4207
4969,User2829
5194,User877
4063,User1908
4878,User1190
3422,User2412
9835,User3842
3911,User1245
7439,User4342
4455,User319
8116,User1135
3757,User4075
8274,User4865
9588,User2598
3229,User2478
3307,User2578
1584,User1549
3284,User3601
3702,User4943
6530,User994
4297,User4560
7853,User3959
5815,User4362
4925,User4049
9840,User4539
9177,User2156
2936,User1363
7588,User2867
5887,User4271
4876,User298
9435,User3020
5924,User3627
7028,User4725
4929,User2007
4751,User498
1872,User326
1037,User3043
4498,User3230
9111,User2779
4747,User2601
7580,User3288
5921,User1647
8595,User2021
6578,User4152
6167,User4325
3491,User2501
6664,User674
6539,User891
6542,User3063
8644,User3899
9686,User4123
6497,User3223
4317,User4749
4912,User3652
4550,User3511
5484,User4448
3673,User2626
2089,User2464
7226,User1167
8369,User629
5228,User1261
5513,User2511
4409,User1731
9783,User582
9940,User1604
5270,User3999
8012,User3033
2000,User2525
3571,User3204
2686,User2864
4875,User3064
9478,User4999
1774,User4611
2314,User4096
9073,User678
7719,User4605
3962,User1226
2247,User1341
8146,User4788
6221,User2702
9221,User4146
7948,User3287
3095,User1775
9597,User1439
9754,User1919
1788,User2428
9834,User3072
3297,User585
2622,User4485
7910,User808
9413,User4001
6130,User3806
3687,User775
7057,User3238
5123,User2644
2202,User394
9633,User8
3722,User2640
9884,User4750
7797,User3578
5253,User823
4701,User4242
2992,User3227
4276,User1092
9905,User4365
3508,User1893
2870,User2890
9947,User2096
2937,User3521
9282,User2968
3824,User2596
5190,User2639
1789,User2791
3861,User1757
3482,User1501
9066,User4747
9496,User658
4380,User497
3551,User4077
7042,User585
2690,User3262
7736,User3487
3202,User1056
3706,User3559
1258,User555
4634,User1665
5125,User925
4462,User52
7359,User3667
6799,User1079
7050,User186
8958,User1102
1160,User3
5191,User1641
8948,User233
1575,User2044
8771,User2616
7622,User4235
3059,User3609
4265,User1337
6862,User3518
1669,User3932
3926,User4018
1073,User3288
9264,User2752
9835,User3846
4440,User2398
5429,User2269
3446,User4211
5999,User4894
6453,User1827
7387,User569
2744,User1728
9396,User4246
2947,User2570
8438,User4911
8046,User2982
4839,User2433
8359,User2644
9717,User123
4881,User2641
8565,User2115
2774,User906
4233,User1326
3570,User959
6870,User3107
4994,User4862
2659,User4646
5340,User2406
6007,User1572
4920,User4982
3268,User4880
7315,User2522
6119,User1766
7120,User2051
4321,User92
6719,User4762
9908,User2397
1601,User1443
3815,User1855
7399,User1558
7528,User102
2367,User1561
4667,User4307
1718,User3988
9355,User2451
6104,User1217
2358,User3231
8911,User1172
1274,User1337
4988,User1355
8884,User728
4312,User2794
3598,User4723
3120,User4907
2256,User4680
4128,User1036
6146,User179
2652,User2688
5440,User971
5964,User3883
3998,User4953
9604,User4276
8437,User541
7340,User1486
5659,User1204
8238,User833
7068,User3380
2652,User1680
2055,User4814
4171,User1711
2401,User1072
2899,User2486
8393,User2559
3382,User4296
8578,User4644
6034,User435
6145,User2135
6578,User4290
1420,User871
1546,User1558
2543,User4405
1834,User4386
3848,User1485
3455,User4335
3212,User2195
4208,User3336
4522,User2054
3300,User4251
7032,User2380
6717,User4042
2053,User2406
6539,User3000
2515,User1231
9978,User4785
3888,User4766
9658,User4328
2322,User4127
8566,User2647
6693,User4671
2669,User2765
8065,User3843
1818,User2234
1321,User1557
4784,User4603
9324,User923
7281,User140
6083,User4863
8547,User804
4359,User3349
9246,User2185
1077,User3383
8924,User1421
7094,User2689
4988,User4774
6522,User4411
9061,User261
4013,User2673
8414,User1021
8598,User4223
6613,User4668
8359,User4052
8263,User2290
9937,User3914
1047,User339
